{
  "KNeighborsClassifier": {
    "accuracy": 0.9532967032967034,
    "precision": 0.9511494252873564,
    "recall": 1.0,
    "n_neighbors": 5,
    "size": "0.2",
    "algoName": "KNeighborsClassifier"
  },
  "LinearSVC": {
    "accuracy": 0.9521218715995647,
    "precision": 0.974025974025974,
    "recall": 0.9459459459459459,
    "C": 0.1678763799,
    "epsilon": 0.001,
    "random_state_val": 0,
    "size": "0.2",
    "algoName": "LinearSVC"
  },
  "DecisionTreeClassifier": {
    "accuracy": 0.9945054945054945,
    "precision": 0.9941176470588236,
    "recall": 1.0,
    "max_depth": 50,
    "random_state_val": 0,
    "size": "0.1",
    "algoName": "DecisionTreeClassifier"
  },
  "LogisticRegression": {
    "accuracy": 0.9697802197802198,
    "precision": 0.967930029154519,
    "recall": 1.0,
    "C": 0.8467572649,
    "epsilon": 0.001,
    "random_state_val": 2,
    "size": "0.2",
    "algoName": "LogisticRegression"
  },
  "GradientBoostingClassifier": {
    "accuracy": 0.9945054945054945,
    "precision": 0.9940828402366864,
    "recall": 1.0,
    "n_estimators": 93,
    "learning_rate": 0.07900590739680002,
    "random_state_val": 0,
    "size": "0.1",
    "algoName": "GradientBoostingClassifier"
  }
}
